block_id,volume,centroid_x,centroid_y,centroid_z,hardness,stratum,num_planes,num_cracks
0,205.9170,14.824,1.208,-6.976,0.70,0,23,10
1,0.0433,17.027,0.574,-3.928,0.70,0,20,4
2,1.3697,19.200,1.053,-3.966,0.70,0,23,7
3,0.1869,20.644,0.831,-4.088,0.70,0,26,4
4,0.5458,21.355,0.669,-4.010,0.70,0,26,4
5,0.1236,22.305,0.336,-4.158,0.70,0,26,4
6,2.0546,13.099,1.087,-3.429,0.70,0,24,7
7,0.1950,13.984,1.435,-3.163,0.70,0,22,4
8,7.4279,15.821,1.259,-3.156,0.70,0,28,5
9,0.3739,17.076,1.400,-3.645,0.70,0,22,3
10,0.4538,17.533,1.124,-2.697,0.70,0,30,2
11,6.9679,18.699,1.202,-3.279,0.70,0,30,4
12,0.0661,20.326,0.967,-3.231,0.70,0,30,3
13,0.7152,21.054,0.771,-3.528,0.70,0,30,3
14,2.1829,9.268,0.838,-3.050,0.70,0,25,6
15,1.9052,10.720,1.044,-2.784,0.70,0,28,6
16,5.9216,12.144,1.216,-2.792,0.70,0,29,7
17,2.4441,13.603,1.249,-2.231,0.70,0,30,8
18,6.1008,15.279,1.209,-2.153,0.70,0,32,4
19,0.0504,17.498,0.591,-2.185,0.70,0,26,4
20,5.2086,14.083,2.746,-7.891,1.30,1,23,0
21,3.7480,12.263,2.732,-5.227,1.30,1,26,6
22,0.4549,14.599,2.732,-4.997,1.30,1,25,10
23,0.3891,15.306,2.738,-5.955,1.30,1,27,4
24,0.4162,15.399,2.731,-4.294,1.30,1,25,4
25,0.9063,16.530,2.725,-5.062,1.30,1,28,4
26,1.3709,18.379,2.723,-5.024,1.30,1,27,9
27,0.0104,19.569,2.690,-6.065,1.30,1,26,6
28,0.5369,12.281,2.721,-3.746,1.30,1,25,9
29,0.0760,15.071,2.742,-3.790,1.30,1,27,5
30,0.0378,10.816,2.645,-3.517,1.30,1,23,4
31,0.0193,19.122,2.684,-3.907,1.30,1,21,9
32,0.2065,13.206,2.720,-3.370,1.30,1,21,9
33,0.0457,13.946,2.714,-3.214,1.30,1,22,4
34,1.2741,15.790,2.719,-3.128,1.30,1,25,11
35,0.0668,17.061,2.722,-3.581,1.30,1,23,2
36,0.0463,17.479,2.704,-2.641,1.30,1,23,4
37,0.7343,18.329,2.710,-3.314,1.30,1,27,9
38,0.0315,10.711,2.539,-2.886,1.30,1,29,3
39,1.1180,12.081,2.723,-2.861,1.30,1,27,8
40,0.4325,13.605,2.722,-2.416,1.30,1,26,7
41,1.0309,15.111,2.718,-2.251,1.30,1,27,5
42,69.2862,15.305,3.642,-7.055,0.80,2,23,0
43,0.3540,13.246,3.576,-3.344,0.80,2,24,4
44,0.1655,13.913,3.680,-3.239,0.80,2,27,6
45,3.4155,15.808,3.655,-3.135,0.80,2,26,7
46,0.2694,17.056,3.692,-3.512,0.80,2,25,4
47,0.0870,17.433,3.494,-2.652,0.80,2,30,6
48,1.3004,17.923,3.459,-3.293,0.80,2,29,6
49,1.1490,12.531,3.509,-2.847,0.80,2,29,10
50,0.9936,13.628,3.651,-2.500,0.80,2,27,5
51,2.2272,15.158,3.642,-2.340,0.80,2,28,2
52,23.5927,15.375,5.146,-6.920,1.40,3,27,12
53,0.0610,13.903,4.648,-3.254,1.40,3,26,4
54,1.8084,15.562,4.906,-3.137,1.40,3,30,8
55,0.0283,16.959,4.538,-3.503,1.40,3,24,10
56,0.1637,13.796,4.584,-2.583,1.40,3,28,3
57,1.4735,15.145,4.908,-2.390,1.40,3,26,13
